dataset,held_out,seed,shift_balacc,seen_balacc,shift_ECE,seen_ECE,shift_Brier,shift_cov_marg,shift_cov_bal,seen_cov_marg,shift_setsize,shift_AURC,seen_AURC,set_empty,set_normal_only,set_attack_only,set_both
UAVIDS-2025,Sybil Attack,0,0.9944689090035271,0.9940759257622043,0.0032119617739533937,0.0012912491619236166,0.004330554743609347,0.8842854467128676,0.8514231286159095,0.9109464149167696,0.8843978273084847,0.0001477587975443798,3.862091907819785e-05,0.11560217269151526,0.07960292189548604,0.8047949054129987,0.0
UAVIDS-2025,Blackhole Attack,0,0.7337924494682104,0.9929813556572578,0.3831215703683023,0.0008736596855439461,0.3648916935101094,0.40618908382066277,0.5887812156302931,0.9102139198553781,0.40618908382066277,0.18944608092311677,4.074888083892926e-05,0.5938109161793372,0.07400445558340295,0.3321846282372598,0.0
UAVIDS-2025,Wormhole Attack,0,0.8959985414642183,0.99980894153611,0.15430391791289927,0.00017543216298057088,0.14731237686373505,0.6280309364548495,0.703083668071649,0.9092168674698795,0.6347895763656634,0.033396768261165395,7.2581660785023025e-09,0.3652104236343367,0.0792572463768116,0.5555323299888517,0.0
UAVIDS-2025,Flooding Attack,0,0.9909923708821551,0.9940324006599313,0.007987375526142131,0.0007521857938666099,0.007923331863250395,0.7103025420694593,0.7517829830170664,0.9072291853178156,0.7103025420694593,0.0002510753600635234,2.8693094599227233e-05,0.28969745793054064,0.09443250984604368,0.6158700322234156,0.0
UAVIDS-2025,Sybil Attack,1,0.9923680686673926,0.9935550178243308,0.004151042893023893,0.0015345139547434236,0.00451545683957031,0.9356059187113692,0.8914483938768769,0.910122933945062,0.9371043266529313,0.00024374150760002756,4.727622193331391e-05,0.06289567334706873,0.08353624274208653,0.8535680839108447,0.0
UAVIDS-2025,Blackhole Attack,1,0.7186848319634946,0.9933870371001147,0.4458043772562046,0.0013613029877170934,0.4329772003267407,0.40834725703146757,0.6013096586428868,0.9116601385959626,0.40834725703146757,0.1979110264139128,5.130690503976855e-05,0.5916527429685324,0.07630186577554998,0.3320453912559176,0.0
UAVIDS-2025,Wormhole Attack,1,0.9036654892523039,0.9999284845884289,0.1551336307002014,0.00016705315001265753,0.15268853831472795,0.6286580267558528,0.7063495886878725,0.913012048192771,0.63604375696767,0.033426780488459935,1.4516550809403336e-08,0.36395624303233,0.08047658862876254,0.5555671683389075,0.0
UAVIDS-2025,Flooding Attack,1,0.9929270308032885,0.9935735347143397,0.006410619102991632,0.0012440867031913755,0.003669406199349811,0.7136591478696742,0.7576593447883057,0.908180393912265,0.7136591478696742,9.624274705935876e-05,5.2980363391787294e-05,0.28634085213032584,0.09550662370211242,0.6181525241675617,0.0
UAVIDS-2025,Sybil Attack,2,0.9943112866845304,0.9923909080611371,0.003893158045959933,0.0015164127367516874,0.004091514730610953,0.8930136729724667,0.8625598661005895,0.9127698370684078,0.8930136729724667,0.00014586187009801627,4.4723919956941346e-05,0.10698632702753325,0.08087656864581383,0.812137104326653,0.0
UAVIDS-2025,Blackhole Attack,2,0.7164992002162796,0.9934350135780267,0.43281747042348767,0.0007318761931652549,0.4118819123827372,0.40904344193817876,0.6013489821958518,0.9136486893642664,0.4093915343915344,0.19928672047617443,4.1926833689807095e-05,0.5906084656084656,0.07658033973823447,0.3328111946532999,0.0
UAVIDS-2025,Wormhole Attack,2,0.9058314020024381,0.99980894153611,0.14842269087430976,0.0001634542890607546,0.15181673306782803,0.6393882385730212,0.7217031348445089,0.9137951807228916,0.6492823299888517,0.03645058458539741,2.1777122275006653e-08,0.3507176700111483,0.0849010590858417,0.56438127090301,0.0
UAVIDS-2025,Flooding Attack,2,0.9950903582285873,0.993693442530353,0.005024758868574232,0.001770568807580691,0.0027860653987645373,0.7379162191192267,0.7713975583136022,0.9128245299910475,0.7379162191192267,6.546728746921021e-05,4.621164189310686e-05,0.2620837808807734,0.09550662370211242,0.6424095954171142,0.0
UAVIDS-2025,Sybil Attack,3,0.9946888314429707,0.9923213863703695,0.004207221728946875,0.0017901043233911071,0.00468904428858698,0.8875070237872261,0.8603582540901291,0.912358096582554,0.8875070237872261,0.0001789952991793703,5.312077723586745e-05,0.11249297621277393,0.08106386963850909,0.806443154148717,0.0
UAVIDS-2025,Blackhole Attack,3,0.7673195673589933,0.9931130791095762,0.3247143902975477,0.002258606922291637,0.31906093727189194,0.40674603174603174,0.5932116692643423,0.9112383247966255,0.4067808409913673,0.16042750693066096,5.432623306692611e-05,0.5932191590086326,0.07487468671679198,0.3319061542745753,0.0
UAVIDS-2025,Wormhole Attack,3,0.9070190906999923,1.0,0.16819306517063676,4.589969515578218e-09,0.16841293946386252,0.6338141025641025,0.7208699912325025,0.9124096385542169,0.6430114269788183,0.03528667861330236,0.0,0.3569885730211817,0.0846571906354515,0.5583542363433668,0.0
UAVIDS-2025,Flooding Attack,3,0.995725801773061,0.9942234591238213,0.007214116357407796,0.0006236475257665723,0.0025763280775041053,0.7187164339419978,0.7611861377882335,0.9120971351835273,0.7187164339419978,6.60589854578549e-05,3.4014793687471014e-05,0.28128356605800214,0.09568564267812388,0.623030791263874,0.0
UAVIDS-2025,Sybil Attack,4,0.9931486921908583,0.9938851196697558,0.003566950689724572,0.0014980382656455673,0.004253258117904807,0.9363551226821503,0.8906721965651772,0.9078289512381624,0.9364675032777674,8.814080691409792e-05,3.407624652925747e-05,0.06353249672223263,0.08188799400636823,0.8545795092713991,0.0
UAVIDS-2025,Blackhole Attack,4,0.7051262961923741,0.9932081846176422,0.4636769450458789,0.0008003919825478279,0.440719100839981,0.40845168476747423,0.6005079292257971,0.9135884302500753,0.40852130325814534,0.20397303495301453,3.912832023039755e-05,0.5914786967418546,0.0761974380395433,0.3323238652186021,0.0
UAVIDS-2025,Wormhole Attack,4,0.9105458866825117,0.9999642422942143,0.15229586771019138,4.891624785336847e-05,0.15587092601179547,0.6322812151616499,0.7171057190100536,0.9179518072289157,0.6420707915273133,0.03431476418347588,3.6289737262273244e-09,0.3579292084726867,0.0846571906354515,0.5574136008918618,0.0
UAVIDS-2025,Flooding Attack,4,0.9911191071692887,0.9936446853622164,0.008941432876400179,0.0013339957679534414,0.00667465074202368,0.7213122090941639,0.7633188316296904,0.9100268576544315,0.7213122090941639,0.00016217722403873426,3.504678748581618e-05,0.278687790905836,0.09586466165413533,0.6254475474400286,0.0
UAVIDS-2025,Sybil Attack,5,0.9936760301087741,0.994110686607588,0.003172625888243334,0.0008444509309191938,0.003912062098503506,0.8851844914778049,0.8595813746024222,0.9095347332509852,0.8851844914778049,5.754802731811068e-05,3.693674914203125e-05,0.11481550852219517,0.08117625023412624,0.8040082412436786,0.0
UAVIDS-2025,Blackhole Attack,5,0.7283539201690913,0.994354535400982,0.41237624271170686,0.0011534889338481857,0.39900712864833976,0.4096700083542189,0.5996316489062112,0.909972883398614,0.40970481759955446,0.19263389920071922,3.8584783308781e-05,0.5902951824004455,0.0758493455861877,0.33385547201336674,0.0
UAVIDS-2025,Wormhole Attack,5,0.9084381642503871,0.9998569691768576,0.1349816025752889,0.0002293959170066074,0.14284452571780948,0.6361482720178372,0.7245596586058678,0.9108433734939759,0.6439172240802675,0.03520360890793549,1.1979528442271848e-07,0.3560827759197324,0.0837165551839465,0.560200668896321,0.0
UAVIDS-2025,Flooding Attack,5,0.9944802619415403,0.9932241939255306,0.013346160282506753,0.0008799688286500236,0.005909123015923586,0.7359917651271035,0.7722952849763688,0.9122649955237243,0.7360365198711063,0.00011705443048434553,4.558800938411773e-05,0.26396348012889365,0.0960436806301468,0.6399928392409595,0.0
UAVIDS-2025,Sybil Attack,6,0.9928994917090708,0.9941279408445591,0.004032511116789908,0.00123661867546863,0.004279171091832593,0.9416744708746957,0.8919188811501221,0.9128286571378155,0.9416744708746957,5.9523574752149105e-05,4.167020149360122e-05,0.058325529125304365,0.08140101142536055,0.8602734594493351,0.0
UAVIDS-2025,Blackhole Attack,6,0.7407065336492872,0.9927911446411258,0.37600663345798624,0.001911215929882908,0.36363415562716717,0.4089390142021721,0.6038690689534405,0.9167219041880085,0.4089390142021721,0.18245320698932677,4.747821508470781e-05,0.591060985797828,0.07675438596491228,0.3321846282372598,0.0
UAVIDS-2025,Wormhole Attack,6,0.9004830177106493,0.9999642422942143,0.15595083432028242,6.536528288586486e-05,0.16294187900260884,0.6333960423634337,0.7232172545333537,0.9160240963855422,0.6435340022296544,0.036577636390350665,2.5407408152759297e-08,0.3564659977703456,0.08612040133779264,0.5574136008918618,0.0
UAVIDS-2025,Flooding Attack,6,0.9942097104665468,0.9942506368928571,0.0022717522190717106,0.002110018194934254,0.0021210038065350273,0.685374149659864,0.7401491340455144,0.9095232766338407,0.685374149659864,3.895360131163573e-05,3.898464801181284e-05,0.31462585034013607,0.09510383100608664,0.5902703186537773,0.0
UAVIDS-2025,Sybil Attack,7,0.993281462679277,0.9941802082983555,0.0038135369789706825,0.0019476972701700974,0.004517637804855729,0.946956358868702,0.8974002684854389,0.9109464149167696,0.9474433414497097,0.00013664160628353147,4.730304686581432e-05,0.05255665855029032,0.08244989698445401,0.8649934444652556,0.0
UAVIDS-2025,Blackhole Attack,7,0.7229748882248488,0.9937098190163232,0.42337840100837987,0.0015750568574869148,0.4062021450931685,0.40879977722082983,0.6060263344918762,0.9167821633021994,0.4089390142021721,0.19477022060782348,4.615814942518782e-05,0.591060985797828,0.07734614313561682,0.3315928710665553,0.0
UAVIDS-2025,Wormhole Attack,7,0.9033389557617113,0.99980894153611,0.1719693506420682,5.9601379532425725e-05,0.172812625532198,0.6404333890746934,0.7298381530164637,0.9101204819277109,0.647366220735786,0.03469159220664655,3.9930739769303316e-08,0.352633779264214,0.0834726867335563,0.5638935340022296,0.0
UAVIDS-2025,Flooding Attack,7,0.9878357562781226,0.9947582600065853,0.01097418035784011,0.001209525631935359,0.011824259473442655,0.6783476548514142,0.7472673758838331,0.9181960608773501,0.6783476548514142,0.0004915728952647582,3.2050637844071736e-05,0.32165234514858576,0.09810239885427856,0.5802452559971357,0.0
UAVIDS-2025,Sybil Attack,8,0.9938959525482177,0.9931556466595797,0.003582045545923714,0.0012913367316116993,0.004414511601176397,0.8799400636823376,0.8549718478653586,0.9118287159578848,0.8799400636823376,0.00013352781590223982,3.616893222106972e-05,0.12005993631766249,0.08080164824873572,0.7991384154336018,0.0
UAVIDS-2025,Blackhole Attack,8,0.7523061625332561,0.9934585780931037,0.35978003514598744,0.0011980390015731198,0.35302909797963733,0.40932191590086325,0.5982373012573297,0.9140102440494124,0.4093567251461988,0.17596070365783908,3.387189130108181e-05,0.5906432748538012,0.07560568086883876,0.3337510442773601,0.0
UAVIDS-2025,Wormhole Attack,8,0.918193667101127,0.9995821253664345,0.12681600931630785,0.0001351032981261402,0.1341023707116481,0.6332566889632107,0.7181578597021183,0.9115060240963856,0.6420011148272018,0.029508254709461324,4.355358864555939e-08,0.3579988851727982,0.0837165551839465,0.5582845596432553,0.0
UAVIDS-2025,Flooding Attack,8,0.99389551291192,0.9940979529378731,0.007942528125512228,0.0011681549353253972,0.004059360763349106,0.7715717866093806,0.7907899723538683,0.913440017905103,0.7715717866093806,8.486890863328632e-05,3.07579697456485e-05,0.22842821339061942,0.09559613319011816,0.6759756534192625,0.0
UAVIDS-2025,Sybil Attack,9,0.9938670155938772,0.9934159744427957,0.0030546108797578513,0.0007554098751871289,0.0039478543750592066,0.9256415058999813,0.8830307306330312,0.9111228751249927,0.9256415058999813,7.069225058802232e-05,4.021717225067559e-05,0.07435849410001873,0.08140101142536055,0.8442404944746207,0.0
UAVIDS-2025,Blackhole Attack,9,0.7202520393972847,0.993995982988279,0.4283767992720782,0.001018898814726108,0.4118063720104765,0.40719855193539406,0.5962099877728327,0.915516721904188,0.4072333611807296,0.1992760200389772,4.106326986219634e-05,0.5927666388192704,0.07543163464216096,0.33180172653856865,0.0
UAVIDS-2025,Wormhole Attack,9,0.9030706125891282,1.0,0.17310240381192168,1.0350563812075917e-05,0.173801150136994,0.6445094760312151,0.7358607337884029,0.9155421686746988,0.6507803790412486,0.03240229365625561,0.0,0.3492196209587514,0.08357720178372352,0.5672031772575251,0.0
UAVIDS-2025,Flooding Attack,9,0.9929458718128196,0.9939996245209606,0.011323231571117285,0.0011529621361706954,0.00579083058406704,0.7029180093089867,0.7578702556575891,0.9151745747538048,0.7029180093089867,0.00012819874816516445,4.006414772285008e-05,0.29708199069101326,0.09720730397422127,0.6057107053347655,0.0
UAV-NIDD,DDoS,0,0.9960700232477957,0.9991776315789473,0.012065354986852727,4.840694222452668e-05,0.004286732042123289,0.14596230984636344,0.0744735480061764,0.9231414349096418,0.14596230984636344,4.3000629595304014e-05,7.31883703187122e-10,0.8540376901536366,1.513660788617271e-05,0.14594717323847725,0.0
UAV-NIDD,UDP Flooding,0,0.9935575315647711,0.9983424734714978,0.008925463107151253,7.175971133287074e-05,0.006120959795875542,0.43635322195704057,0.22561150033049443,0.91957584000806,0.43635322195704057,6.26427762692244e-05,3.8088903798012e-08,0.5636467780429594,0.00011455847255369928,0.43623866348448687,0.0
UAV-NIDD,MITM,0,0.9985462307353754,0.999164868337084,0.0014926640502716912,4.4340678521324954e-05,0.0009516061902149079,0.9489148002770723,0.48170550593769507,0.916798632581756,0.9489148002770723,3.6347509390649127e-06,1.13749852447815e-08,0.05108519972292773,3.848225967828831e-05,0.948876318017394,0.0
UAV-NIDD,Jamming,0,0.984671320189589,0.9991776315789473,0.03456906994592214,4.107539067468763e-05,0.026244292535229734,0.5864671880312818,0.30904457168205257,0.9152129731560674,0.5864671880312818,0.001564408101817959,4.48181341426685e-10,0.4135328119687181,0.0002720163209792588,0.5861951717103027,0.0
UAV-NIDD,BruteForce,0,0.9991454305200552,0.999164307128581,0.0003002999620096084,6.377202427109243e-05,0.00017423571922764471,0.9844069147611219,0.507796200756477,0.9183384470143969,0.9844069147611219,5.7101985208630054e-08,1.3067840038081354e-08,0.015593085238878096,0.000215878709377439,0.9841910360517445,0.0
UAV-NIDD,De-authentication,0,0.9991789819376027,0.9991776315789473,0.0002584717123658837,1.0375988037794387e-05,8.857291996064441e-05,0.8686577905721482,0.4877753081430592,0.9151737491083257,0.8686577905721482,3.237150680688153e-08,4.569759453144784e-09,0.13134220942785174,0.0,0.8686577905721482,0.0
UAV-NIDD,DDoS,1,0.9950999059170698,0.9991501258027343,0.02399362706581502,4.651217306033607e-05,0.01066085460367902,0.05462801786119731,0.028381516717982804,0.919895033005086,0.05462801786119731,0.00015117844136614287,1.1711169006814419e-08,0.9453719821388027,1.513660788617271e-05,0.05461288125331113,0.0
UAV-NIDD,UDP Flooding,1,0.9957307726882885,0.9991648418925505,0.0030579705218522824,5.737900436631726e-05,0.003356324978281109,0.46718854415274463,0.24039918295967067,0.9145634980605511,0.46718854415274463,2.3571092070412047e-05,8.248004258575472e-09,0.5328114558472554,9.546539379474941e-05,0.4670930787589499,0.0
UAV-NIDD,MITM,1,0.9990070673441972,0.9991776315789473,0.002589475847266989,2.6124258037296553e-05,0.00160385546457594,0.724236127145386,0.3696567529730675,0.9142598597390845,0.724236127145386,1.1126771629259781e-05,1.1375493688643996e-08,0.275763872854614,7.696451935657662e-05,0.7241591626260294,0.0
UAV-NIDD,Jamming,1,0.9797356596754323,0.9991669084083202,0.04073716577208768,4.2340586170142025e-05,0.03724174559516451,0.5354641278476708,0.2792990919409762,0.9129900923024812,0.5354641278476708,0.0023741286640024937,8.516897529773549e-09,0.46453587215232917,0.0,0.5354641278476708,0.0
UAV-NIDD,BruteForce,1,0.9991454305200552,0.9991509826782146,0.00026198600570831335,5.167962381103524e-05,0.0001508778452087091,0.9850877629983892,0.5048895819542957,0.9167650066871214,0.9850877629983892,6.013748304845277e-08,1.5131097785661568e-08,0.014912237001610788,0.00014945449110745777,0.9849383085072817,0.0
UAV-NIDD,De-authentication,1,0.9991789819376027,0.9991673131523011,0.00017992083471030096,4.07622540328223e-05,0.00017992083459430472,0.8686577905721482,0.4877753081430592,0.9135432589422195,0.8686577905721482,3.237150680688153e-08,5.400480855685262e-09,0.13134220942785174,0.0,0.8686577905721482,0.0
UAV-NIDD,DDoS,2,0.9942483329781141,0.9999862471118934,0.009540045861845902,2.726517730069433e-05,0.005766695963851418,0.0003330053734957996,0.0180623973727422,0.9191916459257656,0.0003330053734957996,0.00011167932148662328,2.927653619680461e-09,0.9996669946265042,0.0003330053734957996,0.0,0.0
UAV-NIDD,UDP Flooding,2,0.9983579638752053,0.9999872103136032,0.0021399954434910586,6.064040807621294e-05,0.00046851822999893674,0.43776610978520286,0.22145809991113857,0.9139086192131379,0.43776610978520286,4.952264017710714e-07,3.1722478601235573e-09,0.5622338902147971,0.0,0.43776610978520286,0.0
UAV-NIDD,MITM,2,0.9967776443701352,0.9999744735162731,0.001155624106094697,8.28751578286414e-05,0.001268738878162162,0.003001616254906488,0.002329886313862435,0.9185330417515019,0.003001616254906488,4.134783923530039e-06,6.318701894246311e-09,0.9969983837450935,1.9241129839144154e-05,0.002982375125067344,0.0
UAV-NIDD,Jamming,2,0.9757274303905288,0.9999892768293729,0.039320485129847864,3.2376286433827296e-05,0.030132009818203225,0.47813668820129207,0.24939699205448354,0.9147895672791938,0.47813668820129207,0.0018720009005754072,8.963721711870311e-10,0.5218633117987079,0.0,0.47813668820129207,0.0
UAV-NIDD,BruteForce,2,0.9983244124576578,0.9999866755496336,9.245476736296995e-05,2.6224005103103742e-05,8.83789451868603e-05,0.9822481276673475,0.49614158698204996,0.9134083339889335,0.9822481276673475,3.448070924490806e-08,6.876984620827198e-10,0.017751872332652484,0.0,0.9822481276673475,0.0
UAV-NIDD,De-authentication,2,0.9983579638752053,0.9999793631467073,0.0003598217339207954,3.267952651922829e-05,0.00035983966274984706,0.8504857862540482,0.4775712265104061,0.9127076327320901,0.8504857862540482,2.266646475464439e-07,1.2461794890004076e-09,0.14951421374595178,0.0,0.8504857862540482,0.0
UAV-NIDD,DDoS,3,0.992292820878383,0.999972494223787,0.018367935268277208,5.136359762132514e-05,0.007222632150372089,0.03856807689396806,0.0511852507546904,0.9208689535764528,0.03856807689396806,0.0001281925866628454,8.051334609812736e-09,0.961431923106032,0.0005903277075607357,0.037977749186407325,0.0
UAV-NIDD,UDP Flooding,3,0.9991789819376027,0.9999744206272062,0.0038302778999248516,4.9589105120170675e-05,0.0012894585902489975,0.2934033412887828,0.15005025773743624,0.9122210467986499,0.2934033412887828,2.1851277702955055e-07,1.9672653109403492e-08,0.7065966587112171,3.818615751789976e-05,0.29336515513126493,0.0
UAV-NIDD,MITM,3,0.9979134795331481,0.9991521050952205,0.0021661748100782682,6.940081021665719e-05,0.0019252000437196938,0.0031747864234587856,0.010530332303955742,0.9381645426438429,0.0031747864234587856,1.0296834167958005e-05,1.4535281653213822e-08,0.9968252135765412,0.0002116524282305857,0.0029631339952282,0.0
UAV-NIDD,Jamming,3,0.9881777709126627,0.9999892768293729,0.01873534195665138,4.1425424295903314e-05,0.01595230919433386,0.6127167630057804,0.3360906982660769,0.9155093572698789,0.6127167630057804,0.00044035493239419804,1.344572489680602e-09,0.3872832369942196,0.0014280856851411085,0.6112886773206392,0.0
UAV-NIDD,BruteForce,3,0.9983328003120446,0.9999866755496336,0.00010901815581275924,6.783894847671451e-05,6.333105034785575e-05,0.9850213387801192,0.5243591555290009,0.9174468308289409,0.9850213387801192,1.599822736043971e-08,2.0631494912362622e-09,0.014978661219880769,0.0005479998007273452,0.9844733389793919,0.0
UAV-NIDD,De-authentication,3,0.9983579638752053,0.9999896815733538,0.00035984142596978685,2.038081760269428e-05,0.00035984166965936877,0.8810723281756028,0.5091461644405116,0.9243860185468257,0.8810723281756028,2.5904780716354435e-07,3.7388178837595315e-09,0.11892767182439727,0.0035984166966534724,0.8774739114789493,0.0
UAV-NIDD,DDoS,4,0.9925904424346126,0.9999587413356805,0.008509569134171873,7.216346119583091e-05,0.007901135122270525,0.030152122909256035,0.022536742615352937,0.9159722973704144,0.030152122909256035,0.0001712546568553832,1.3906978515613674e-08,0.9698478770907439,0.00013622947097555437,0.03001589343828048,0.0
UAV-NIDD,UDP Flooding,4,0.9985994509713314,1.0,0.004127951406341018,6.173857870760312e-05,0.0013066796771951713,0.4373651551312649,0.22125526407294363,0.9149916880761675,0.4373651551312649,8.277100480658445e-07,0.0,0.562634844868735,0.0,0.4373651551312649,0.0
UAV-NIDD,MITM,4,0.998351538057767,0.9999872367581366,0.0016543278330154454,2.5136364778188813e-05,0.001653919256133567,0.8034710998229816,0.4073101250070852,0.9161953598270618,0.8034710998229816,1.1532958111932451e-05,1.8955581511372735e-09,0.1965289001770184,1.9241129839144154e-05,0.8034518586931425,0.0
UAV-NIDD,Jamming,4,0.9805921487934482,0.9999892768293729,0.03562784945472308,2.1170293843630894e-05,0.03570298201467433,0.4787487249234954,0.2567861546160599,0.9124820052502328,0.4787487249234954,0.0021567944027490833,8.352540143753041e-08,0.5212512750765046,0.0006120367222033322,0.47813668820129207,0.0
UAV-NIDD,BruteForce,4,0.9991454305200552,0.9999733510992672,0.00026294445522642815,5.653687562118358e-05,0.00014181112023181646,0.9844899450339594,0.49808657753228497,0.9184957910471245,0.9844899450339594,5.5446103633085986e-08,1.3719438359753997e-07,0.015510054966040618,1.6606054567495308e-05,0.9844733389793919,0.0
UAV-NIDD,De-authentication,4,0.9991789819376027,0.9999896815733538,0.00023546202557599258,2.7787666109668044e-05,0.00011175017951372812,0.8524649154372076,0.4786825621337644,0.9154794660144706,0.8524649154372076,3.237150680688153e-08,6.407006041037017e-08,0.14753508456279238,0.0,0.8524649154372076,0.0
UAV-NIDD,DDoS,5,0.9701900428029167,0.9983552631578947,0.025513812064813877,7.552478680461722e-05,0.028697796160741598,0.11399379399076667,0.05752719384013689,0.9227356346715724,0.11399379399076667,0.0028800162654993677,4.391500234247211e-09,0.8860062060092333,0.0,0.11399379399076667,0.0
UAV-NIDD,UDP Flooding,5,0.996088150117489,0.9983041044123072,0.002383246452721255,0.00013953522789445752,0.0030065822055171934,0.3750835322195704,0.18974809720666075,0.9149413127802126,0.3750835322195704,1.899040278936634e-05,1.9668671988880665e-08,0.6249164677804296,0.0,0.3750835322195704,0.0
UAV-NIDD,MITM,5,0.9975499892631304,0.9983169734323045,0.001968314242939974,7.362628114208619e-05,0.001271564444663269,0.0031363041637804973,0.008077012750644045,0.9172762235125557,0.0031363041637804973,1.0520070753820431e-05,3.2230748537545444e-08,0.9968636958362195,0.00015392903871315323,0.002982375125067344,0.0
UAV-NIDD,Jamming,5,0.9525345437991236,0.9966998031451624,0.08279713766822255,0.00011162048480974323,0.07535379322397327,0.5262835770146209,0.2745104994324631,0.921034803963079,0.5262835770146209,0.007999953233833576,8.067624726805699e-09,0.47371642298537914,0.0,0.5262835770146209,0.0
UAV-NIDD,BruteForce,5,0.9988686313252892,0.9983419387075283,0.00039783697507349085,6.313736485691381e-05,0.0002336024208090905,0.9845065510885269,0.49728233517866127,0.9169485747253036,0.9845065510885269,2.0576043025878162e-07,8.940657170793912e-09,0.015493448911473123,0.0,0.9845065510885269,0.0
UAV-NIDD,De-authentication,5,0.9991789819376027,0.9983449447312485,0.0002585413714290854,8.707929766440434e-05,0.00014504579606704633,0.8607412738395106,0.4833299656496262,0.9137266890859065,0.8607412738395106,6.47488389703929e-08,2.907791651762316e-09,0.13925872616048937,0.0,0.8607412738395106,0.0
UAV-NIDD,DDoS,6,0.9967119641457338,0.996696773427683,0.019969473790469275,8.081054808150166e-05,0.004430889589738985,0.03694845985014758,0.027593286195537563,0.9267665837030624,0.03694845985014758,1.069330636334001e-05,1.1351237025345891e-07,0.9630515401498524,0.0001665026867478998,0.03678195716339968,0.0
UAV-NIDD,UDP Flooding,6,0.9958949096880132,0.9958369991491494,0.003226251175148852,0.00015650494957042012,0.0004882255979148922,0.4690023866348449,0.23969405523034784,0.9139589945090928,0.4690023866348449,1.5414718898071357e-05,5.521027309328308e-08,0.5309976133651552,5.727923627684964e-05,0.46894510739856804,0.0
UAV-NIDD,MITM,6,0.9963979936487988,0.9966849998320626,0.0017345863361143902,0.00011253901564793167,0.0014575975408223194,0.9487993534980375,0.4808358147058956,0.9220018600909936,0.9487993534980375,5.240902246822014e-06,5.0562265442686e-08,0.05120064650196259,1.9241129839144154e-05,0.9487801123681983,0.0
UAV-NIDD,Jamming,6,0.9574191819081541,0.9958667115534827,0.0644313500283405,8.493095453479204e-05,0.05346773005884255,0.4943896633798028,0.2665155914218989,0.9132017952409179,0.4943896633798028,0.0036683836203813243,4.348386946934682e-08,0.5056103366201972,0.0007480448826929616,0.4936416184971098,0.0
UAV-NIDD,BruteForce,6,0.9975033943952605,0.996630579613591,0.00020892686936530214,0.00013853205838335676,0.00014161443769743562,0.9855527325262791,0.5238149366613695,0.9128314058689324,0.9855527325262791,1.7690636129995456e-07,1.741310794305854e-07,0.014447267473720918,0.0005313937461598498,0.9850213387801192,0.0
UAV-NIDD,De-authentication,6,0.9975369458128078,0.9966898894624969,0.0005803628071146803,8.733694163615117e-05,0.0005724425827950397,0.8664987405541562,0.48656294200848654,0.9112809538367471,0.8664987405541562,4.163596537096431e-06,4.986276547143124e-08,0.13350125944584382,0.0,0.8664987405541562,0.0
UAV-NIDD,DDoS,7,0.9902380054298374,0.9983277573816818,0.030833556784539713,9.773419469024813e-05,0.017896530044795297,0.020086278664951183,0.021523891103824768,0.9216805540525917,0.020086278664951183,0.000747480999784506,3.587295947395873e-08,0.9799137213350488,0.00021191251040641792,0.019874366154544767,0.0
UAV-NIDD,UDP Flooding,7,0.995180202410151,0.9983041044123072,0.003153951986889277,0.00010836003783827753,0.0031832206399022133,0.7657661097852029,0.39387834810772515,0.9122966097425822,0.7657661097852029,2.5700395265977126e-05,7.299922304885803e-08,0.23423389021479712,0.00015274463007159905,0.7656133651551312,0.0
UAV-NIDD,MITM,7,0.9971314000062723,0.9983424999160313,0.001690317827549585,9.537902692905944e-05,0.0018831432345143596,0.0031363041637804973,0.008077012750644045,0.9112434959656135,0.0031363041637804973,1.053618058209117e-05,2.528353268765766e-08,0.9968636958362195,0.00015392903871315323,0.002982375125067344,0.0
UAV-NIDD,Jamming,7,0.9769741011203494,0.9983445399872677,0.02861736668211519,5.168500455969762e-05,0.035504436992598046,0.47895273716422987,0.25924920880325203,0.9161868066728767,0.47895273716422987,0.002599388769076709,1.3448325620396175e-08,0.5210472628357702,0.0008160489629377763,0.47813668820129207,0.0
UAV-NIDD,BruteForce,7,0.9983244124576578,0.9983419387075283,0.0002036483674444431,7.620545112111554e-05,0.00011244348786734339,0.9846892176887694,0.5046882734490113,0.9130674219180238,0.9846892176887694,5.3790263454537475e-08,1.6507053918348476e-08,0.015310782311230675,0.00014945449110745777,0.9845397631976619,0.0
UAV-NIDD,De-authentication,7,0.9983579638752053,0.9983449447312485,0.00032623140287467824,6.451374080279485e-05,0.0003218452152712627,0.8636200071968334,0.4885463915849713,0.9104045653724651,0.8636200071968334,1.9428731538291255e-07,9.554748359950131e-09,0.1363799928031666,0.0008996041741633681,0.8627204030226701,0.0
UAV-NIDD,DDoS,8,0.9999770838425812,0.9983277573816818,4.235506325850716e-05,0.00010821339681810205,4.7269507640846416e-05,0.15150230833270265,0.08133621592754972,0.9148901634022292,0.15150230833270265,1.2372203451647174e-07,2.708389561055977e-08,0.8484976916672974,9.081964731703625e-05,0.1514114886853856,0.0
UAV-NIDD,UDP Flooding,8,0.9968222385349457,0.998316894098704,0.005580955458320155,0.00012837504844266694,0.003334728344870778,0.3677326968973747,0.1860294401730866,0.9172333887461589,0.3677326968973747,2.0033100265169336e-05,3.8713337458282725e-08,0.6322673031026252,0.0,0.3677326968973747,0.0
UAV-NIDD,MITM,8,0.9993964526994139,0.9983297366741679,0.0012494803391630322,0.00010395785891938144,0.001197969824929107,0.9489340414069114,0.48252652400009244,0.9148128597642209,0.9489340414069114,4.7873835219120435e-06,2.148705991106783e-08,0.05106595859308859,5.7723389517432465e-05,0.948876318017394,0.0
UAV-NIDD,Jamming,8,0.960910896708286,0.9983338168166406,0.07730634047680547,8.086585954017418e-05,0.07600431873286477,0.4782726963617817,0.2510390281792783,0.9207384198492675,0.4782726963617817,0.006313705587627317,3.2409995106468725e-07,0.5217273036382183,0.0001360081604896294,0.47813668820129207,0.0
UAV-NIDD,BruteForce,8,0.9999832242912263,0.9983419387075283,3.2958648562456675e-05,7.867184609366973e-05,2.3013354009699716e-05,0.9849881266709842,0.516216077740122,0.9147982062780269,0.9849881266709842,1.6546120851020183e-09,3.575592811537054e-07,0.01501187332901576,0.0003819392550523921,0.9846061874159319,0.0
UAV-NIDD,De-authentication,8,0.9991789819376027,0.9983449447312485,0.00016409176166968414,6.0203567755046095e-05,0.00014964701780953736,0.8580424613170206,0.4818145079814104,0.9137266890859065,0.8580424613170206,3.237150680688153e-08,5.694450952385622e-08,0.1419575386829795,0.0,0.8580424613170206,0.0
UAV-NIDD,DDoS,9,0.9974908250077565,0.9991501258027343,0.015087543616842822,8.646078938090507e-05,0.00453066664790027,0.17246651025505183,0.08947570390608725,0.9152148035926848,0.17246651025505183,6.6008597003771665e-06,6.587151338459299e-09,0.8275334897449481,4.5409823658518124e-05,0.17242110043139333,0.0
UAV-NIDD,UDP Flooding,9,0.9983579638752053,0.9991520522061536,0.0030121505058207506,7.922988909589017e-05,0.0005386163028899044,0.6086873508353222,0.3111695569306543,0.9130522391819051,0.6086873508353222,1.0936439299181466e-09,1.2689966482730379e-08,0.3913126491646778,7.637231503579952e-05,0.6086109785202864,0.0
UAV-NIDD,MITM,9,0.9985462307353754,0.999164868337084,0.0013221979992631635,0.00010018397808984532,0.0011064994870740794,0.9490494881859463,0.4939428998026123,0.911067541412161,0.9490494881859463,5.556558427557872e-06,2.2122218521690293e-08,0.050950511814053724,0.00032709920726545065,0.9487223889786808,0.0
UAV-NIDD,Jamming,9,0.9699101772690759,0.9991561852376931,0.04916009373923941,5.891970735001799e-05,0.040610781432925215,0.5325399523971438,0.28405821260360575,0.9096028452874926,0.5325399523971438,0.003905488455191292,7.619500318984105e-09,0.4674600476028562,0.0005440326419585176,0.5319959197551853,0.0
UAV-NIDD,BruteForce,9,0.9991454305200552,0.9991376582278481,0.000128577647918656,0.00010430990029987013,8.363131849765506e-05,0.9841578239426094,0.5141714246047585,0.9088715810452889,0.9841578239426094,5.4066414017618956e-08,1.6505971519571823e-08,0.015842176057390526,0.0003487271459174015,0.983809096796692,0.0
UAV-NIDD,De-authentication,9,0.9991789819376027,0.9991569947256547,0.00018439478252169157,6.306884056727873e-05,0.00016954478999825647,0.8726160489384671,0.4935979171456906,0.9115459084887394,0.8726160489384671,1.2952098775632053e-07,7.892899093268384e-09,0.1273839510615329,0.0008996041741633681,0.8717164447643037,0.0
